SSNAP Scoring Summary:,Routinely admitting team,Routinely admitting team.1,Routinely admitting team.2,Routinely admitting team.3,Routinely admitting team.4,Routinely admitting team.5,Routinely admitting team.6,Routinely admitting team.7,Routinely admitting team.8,Routinely admitting team.9,Routinely admitting team.10,Routinely admitting team.11,Routinely admitting team.12,Routinely admitting team.13,Routinely admitting team.14,Routinely admitting team.15,Routinely admitting team.16,Routinely admitting team.17,Routinely admitting team.18,Routinely admitting team.19,Routinely admitting team.20,Routinely admitting team.21,Routinely admitting team.22,Routinely admitting team.23,Routinely admitting team.24,Routinely admitting team.25,Routinely admitting team.26,Routinely admitting team.27,Routinely admitting team.28,Routinely admitting team.29,Routinely admitting team.30,Routinely admitting team.31,Routinely admitting team.32,Routinely admitting team.33,Routinely admitting team.34,Routinely admitting team.35,Routinely admitting team.36,Routinely admitting team.37,Routinely admitting team.38,Routinely admitting team.39,Routinely admitting team.40,Routinely admitting team.41,Routinely admitting team.42,Routinely admitting team.43,Routinely admitting team.44,Routinely admitting team.45,Routinely admitting team.46,Routinely admitting team.47,Routinely admitting team.48,Routinely admitting team.49,Routinely admitting team.50,Routinely admitting team.51,Routinely admitting team.52,Routinely admitting team.53,Routinely admitting team.54,Routinely admitting team.55,Routinely admitting team.56,Routinely admitting team.57,Routinely admitting team.58,Routinely admitting team.59,Routinely admitting team.60,Routinely admitting team.61,Routinely admitting team.62,Routinely admitting team.63,Routinely admitting team.64,Routinely admitting team.65,Routinely admitting team.66,Routinely admitting team.67,Routinely admitting team.68,Routinely admitting team.69,Routinely admitting team.70,Routinely admitting team.71,Routinely admitting team.72,Routinely admitting team.73,Routinely admitting team.74,Routinely admitting team.75,Routinely admitting team.76,Routinely admitting team.77,Routinely admitting team.78,Routinely admitting team.79,Routinely admitting team.80,Routinely admitting team.81,Routinely admitting team.82,Routinely admitting team.83,Routinely admitting team.84,Routinely admitting team.85,Routinely admitting team.86,Routinely admitting team.87,Routinely admitting team.88,Routinely admitting team.89,Routinely admitting team.90,Routinely admitting team.91,Routinely admitting team.92,Routinely admitting team.93,Routinely admitting team.94,Routinely admitting team.95,Routinely admitting team.96,Routinely admitting team.97,Routinely admitting team.98,Routinely admitting team.99,Routinely admitting team.100,Routinely admitting team.101,Routinely admitting team.102,Routinely admitting team.103,Routinely admitting team.104,Routinely admitting team.105,Routinely admitting team.106,Routinely admitting team.107,Routinely admitting team.108,Routinely admitting team.109,Routinely admitting team.110,Routinely admitting team.111,Routinely admitting team.112,Routinely admitting team.113,Routinely admitting team.114,Routinely admitting team.115,Routinely admitting team.116,Routinely admitting team.117,Routinely admitting team.118,Routinely admitting team.119,Routinely admitting team.120,Routinely admitting team.121,Non-routinely admitting acute team,Non-routinely admitting acute team.1,Non-routinely admitting acute team.2,Non-routinely admitting acute team.3,Non-routinely admitting acute team.4,Non-routinely admitting acute team.5,Non-routinely admitting acute team.6,Non-routinely admitting acute team.7,Non-routinely admitting acute team.8,Non-routinely admitting acute team.9,Non-routinely admitting acute team.10,Non-routinely admitting acute team.11,Non-routinely admitting acute team.12,Non-routinely admitting acute team.13,Non-routinely admitting acute team.14,Non-routinely admitting acute team.15,Non-routinely admitting acute team.16,Non-routinely admitting acute team.17,Non-routinely admitting acute team.18,Non-routinely admitting acute team.19,Non-routinely admitting acute team.20,Non-routinely admitting acute team.21,Non-routinely admitting acute team.22,Non-routinely admitting acute team.23,Non-routinely admitting acute team.24,Non-routinely admitting acute team.25,Non-routinely admitting acute team.26,Non-routinely admitting acute team.27,Non-routinely admitting acute team.28,Non-routinely admitting acute team.29,Non-routinely admitting acute team.30,Non-routinely admitting acute team.31,Non-routinely admitting acute team.32,Non-routinely admitting acute team.33,Non-routinely admitting acute team.34,Non-routinely admitting acute team.35,Non-routinely admitting acute team.36,Non-routinely admitting acute team.37,Non-routinely admitting acute team.38,Non-routinely admitting acute team.39,Non-routinely admitting acute team.40,Non-routinely admitting acute team.41,Non-routinely admitting acute team.42,Non-routinely admitting acute team.43,Non-routinely admitting acute team.44,Non-routinely admitting acute team.45,Non-routinely admitting acute team.46,Non-routinely admitting acute team.47,Non-routinely admitting acute team.48,Non-routinely admitting acute team.49,Non-routinely admitting acute team.50,Non-routinely admitting acute team.51,Non-routinely admitting acute team.52,Non-routinely admitting acute team.53,Non-routinely admitting acute team.54,Non-routinely admitting acute team.55,Non-routinely admitting acute team.56,Non-routinely admitting acute team.57,Non-routinely admitting acute team.58,Non-acute inpatient team,Non-acute inpatient team.1,Non-acute inpatient team.2,Non-acute inpatient team.3,Non-acute inpatient team.4,Non-acute inpatient team.5,Non-acute inpatient team.6,Non-acute inpatient team.7,Non-acute inpatient team.8,Non-acute inpatient team.9,Non-acute inpatient team.10,Non-acute inpatient team.11,Non-acute inpatient team.12,Non-acute inpatient team.13,Non-acute inpatient team.14,Non-acute inpatient team.15,Non-acute inpatient team.16,Non-acute inpatient team.17,Non-acute inpatient team.18,Non-acute inpatient team.19,Non-acute inpatient team.20,Non-acute inpatient team.21,Non-acute inpatient team.22,Non-acute inpatient team.23,Non-acute inpatient team.24,Non-acute inpatient team.25,Non-acute inpatient team.26,Non-acute inpatient team.27,Non-acute inpatient team.28,Non-acute inpatient team.29,Non-acute inpatient team.30,Non-acute inpatient team.31,Non-acute inpatient team.32,Non-acute inpatient team.33,Non-acute inpatient team.34,Non-acute inpatient team.35,Non-acute inpatient team.36,Non-acute inpatient team.37,Non-acute inpatient team.38,Non-acute inpatient team.39,Non-acute inpatient team.40,Non-acute inpatient team.41,Non-acute inpatient team.42
  ISDN,London,London,London,London,London,London,London,London,East Midlands,East Midlands,East Midlands,East Midlands,East Midlands,East Midlands,East of England (North),East of England (North),East of England (North),East of England (North),East of England (North),East of England (North),East of England (North),East of England (North),East of England (South),East of England (South),East of England (South),East of England (South),East of England (South),East of England (South),North Midlands,North Midlands,North Midlands,North Midlands,West Midlands,West Midlands,West Midlands,West Midlands,West Midlands,Cheshire and Mersey,Cheshire and Mersey,Cheshire and Mersey,Cheshire and Mersey,East Midlands,Greater Manchester,Greater Manchester,Greater Manchester,Humber Coast and Vale,Humber Coast and Vale,Humber Coast and Vale,Lancashire and South Cumbria,Lancashire and South Cumbria,Lancashire and South Cumbria,Lancashire and South Cumbria,Lancashire and South Cumbria,North East and North Cumbria,North East and North Cumbria,North East and North Cumbria,North East and North Cumbria,North East and North Cumbria,North East and North Cumbria,North East and North Cumbria,North Midlands,South Yorkshire and Bassetlaw,South Yorkshire and Bassetlaw,West Yorkshire and Harrogate,West Yorkshire and Harrogate,West Yorkshire and Harrogate,West Yorkshire and Harrogate,East of England (South),Frimley ICS and Surrey Heartlands,Frimley ICS and Surrey Heartlands,Frimley ICS and Surrey Heartlands,Frimley ICS and Surrey Heartlands,Kent and Medway,Kent and Medway,Kent and Medway,SW Peninsula,SW Peninsula,SW Peninsula,SW Peninsula,SW Peninsula,Sussex,Sussex,Sussex,Sussex,Thames Valley (BOB),Thames Valley (BOB),Thames Valley (BOB),Wessex,Wessex,Wessex,Wessex,Wessex,Wessex,West of England,West of England,West of England,West of England,West of England,West of England,West of England,Wales,Wales,Wales,Wales,Wales,Wales,Wales,Wales,Wales,Wales,Wales,Wales,Northern Ireland,Northern Ireland,Northern Ireland,Northern Ireland,Northern Ireland,Northern Ireland,Northern Ireland,Northern Ireland,Islands,Islands,London,London,London,London,London,London,London,London,London,London,London,London,London,London,London,London,London,London,London,London,London,London,East Midlands,East of England (North),East of England (South),North Midlands,West Midlands,West Midlands,Cheshire and Mersey,Cheshire and Mersey,Cheshire and Mersey,Cheshire and Mersey,Greater Manchester,Greater Manchester,Greater Manchester,Greater Manchester,Greater Manchester,Greater Manchester,Greater Manchester,Humber Coast and Vale,Humber Coast and Vale,Humber Coast and Vale,Humber Coast and Vale,North East and North Cumbria,North East and North Cumbria,North East and North Cumbria,North East and North Cumbria,North East and North Cumbria,North East and North Cumbria,South Yorkshire and Bassetlaw,South Yorkshire and Bassetlaw,West Yorkshire and Harrogate,Frimley ICS and Surrey Heartlands,Kent and Medway,Kent and Medway,Kent and Medway,Wales,Wales,Wales,London,London,London,East Midlands,East Midlands,East Midlands,East Midlands,East of England (North),East of England (North),East of England (South),East of England (South),East of England (South),West Midlands,West Midlands,West Midlands,West Midlands,West Midlands,West Midlands,Lancashire and South Cumbria,Lancashire and South Cumbria,South Yorkshire and Bassetlaw,South Yorkshire and Bassetlaw,Frimley ICS and Surrey Heartlands,Kent and Medway,SW Peninsula,SW Peninsula,SW Peninsula,SW Peninsula,Sussex,Thames Valley (BOB),West of England,West of England,West of England,West of England,West of England,West of England,Wales,Wales,Wales,Wales,Wales,Wales,Northern Ireland
  Trust,"Barking, Havering and Redbridge University Hospitals NHS Trust",Barts Health NHS Trust,Imperial College Healthcare NHS Trust,King's College Hospital NHS Foundation Trust,King's College Hospital NHS Foundation Trust,London North West University Healthcare NHS Trust,St George's University Hospitals NHS Foundation Trust,University College London Hospitals NHS Foundation Trust,Northampton General Hospital NHS Trust,Nottingham University Hospitals NHS Trust,Sherwood Forest Hospitals NHS Foundation Trust,United Lincolnshire Hospitals NHS Trust,University Hospitals of Derby and Burton NHS Foundation Trust,University Hospitals of Leicester NHS Trust,Cambridge University Hospitals NHS Foundation Trust,East Suffolk and North Essex NHS Foundation Trust,East Suffolk and North Essex NHS Foundation Trust,James Paget University Hospitals NHS Foundation Trust,Norfolk and Norwich University Hospitals NHS Foundation Trust,North West Anglia NHS Foundation Trust,Queen Elizabeth Hospital King's Lynn NHS Foundation Trust,West Suffolk NHS Foundation Trust,Bedfordshire Hospitals NHS Foundation Trust,East and North Hertfordshire NHS Trust,Mid and South Essex NHS Foundation Trust,Mid and South Essex NHS Foundation Trust,Mid and South Essex NHS Foundation Trust,West Hertfordshire Teaching Hospitals NHS Trust,Dudley Group NHS Foundation Trust,Royal Wolverhampton NHS Trust,Shrewsbury and Telford Hospital NHS Trust,University Hospitals of North Midlands NHS Trust,Sandwell and West Birmingham Hospitals NHS Trust,University Hospitals Birmingham NHS Foundation Trust,University Hospitals Coventry and Warwickshire NHS Trust,Worcestershire Acute Hospitals NHS Trust,Wye Valley NHS Trust,Countess of Chester Hospital NHS Foundation Trust,Liverpool University Hospitals NHS Foundation Trust,Mersey and West Lancashire Teaching Hospitals NHS Trust,Wirral University Teaching Hospital NHS Foundation Trust,Chesterfield Royal Hospital NHS Foundation Trust,Northern Care Alliance NHS Foundation Trust,Northern Care Alliance NHS Foundation Trust,Stockport NHS Foundation Trust,Hull University Teaching Hospitals NHS Trust,Northern Lincolnshire and Goole Hospitals NHS Foundation Trust,York and Scarborough Teaching Hospitals NHS Foundation Trust,Blackpool Teaching Hospitals NHS Foundation Trust,East Lancashire Hospitals NHS Trust,Lancashire Teaching Hospitals NHS Foundation Trust,University Hospitals of Morecambe Bay NHS Foundation Trust,University Hospitals of Morecambe Bay NHS Foundation Trust,County Durham and Darlington NHS Foundation Trust,Newcastle upon Tyne Hospitals NHS Foundation Trust,North Cumbria Integrated Care NHS Foundation Trust,North Tees and Hartlepool NHS Foundation Trust,Northumbria Healthcare NHS Foundation Trust,South Tees Hospitals NHS Foundation Trust,South Tyneside and Sunderland NHS Foundation Trust,Mid Cheshire Hospitals NHS Foundation Trust,Doncaster and Bassetlaw Teaching Hospitals NHS Foundation Trust,Sheffield Teaching Hospitals NHS Foundation Trust,Bradford Teaching Hospitals NHS Foundation Trust,Calderdale and Huddersfield NHS Foundation Trust,Leeds Teaching Hospitals NHS Trust,Mid Yorkshire Teaching NHS Trust,Milton Keynes University Hospital NHS Foundation Trust,Ashford and St Peter's Hospitals NHS Foundation Trust,Epsom and St Helier University Hospitals NHS Trust,Frimley Health NHS Foundation Trust,Surrey and Sussex Healthcare NHS Trust,Dartford and Gravesham NHS Trust,East Kent Hospitals University NHS Foundation Trust,Maidstone and Tunbridge Wells NHS Trust,Royal Cornwall Hospitals NHS Trust,Royal Devon University Healthcare NHS Foundation Trust,Royal Devon University Healthcare NHS Foundation Trust,Torbay and South Devon NHS Foundation Trust,University Hospitals Plymouth NHS Trust,East Sussex Healthcare NHS Trust,University Hospitals Sussex NHS Foundation Trust,University Hospitals Sussex NHS Foundation Trust,University Hospitals Sussex NHS Foundation Trust,Buckinghamshire Healthcare NHS Trust,Oxford University Hospitals NHS Foundation Trust,Royal Berkshire NHS Foundation Trust,Dorset County Hospital NHS Foundation Trust,Hampshire Hospitals NHS Foundation Trust,Isle of Wight NHS Trust,Portsmouth Hospitals University National Health Service Trust,University Hospital Southampton NHS Foundation Trust,University Hospitals Dorset NHS Foundation Trust,Gloucestershire Hospitals NHS Foundation Trust,Great Western Hospitals NHS Foundation Trust,North Bristol NHS Trust,Royal United Hospitals Bath NHS Foundation Trust,Salisbury NHS Foundation Trust,Somerset NHS Foundation Trust,Somerset NHS Foundation Trust,Aneurin Bevan University Health Board,Betsi Cadwaladr University Health Board,Betsi Cadwaladr University Health Board,Betsi Cadwaladr University Health Board,Cardiff and Vale University Health Board,Cwm Taf Morgannwg University Local Health Board,Cwm Taf Morgannwg University Local Health Board,Hywel Dda Health Board,Hywel Dda Health Board,Hywel Dda Health Board,Hywel Dda Health Board,Swansea Bay University Local Health Board,Belfast Health and Social Care Trust,Northern Health and Social Care Trust,Northern Health and Social Care Trust,South Eastern Health and Social Care Trust,Southern Health and Social Care Trust,Southern Health and Social Care Trust,Western Health and Social Care Trust,Western Health and Social Care Trust,Manx Care,States of Jersey Health and Social Services,"Barking, Havering and Redbridge University Hospitals NHS Trust",Barts Health NHS Trust,Barts Health NHS Trust,Barts Health NHS Trust,Chelsea and Westminster Hospital NHS Foundation Trust,Chelsea and Westminster Hospital NHS Foundation Trust,Croydon Health Services NHS Trust,Epsom and St Helier University Hospitals NHS Trust,Guy's and St Thomas' NHS Foundation Trust,Hillingdon Hospitals NHS Foundation Trust,Homerton Healthcare NHS Foundation Trust,Imperial College Healthcare NHS Trust,King's College Hospital NHS Foundation Trust,King's College Hospital NHS Foundation Trust,Kingston Hospital NHS Foundation Trust,Lewisham and Greenwich NHS Trust,London North West University Healthcare NHS Trust,North Middlesex University Hospital NHS Trust,Royal Free London NHS Foundation Trust,Royal Free London NHS Foundation Trust,St George's University Hospitals NHS Foundation Trust,University College London Hospitals NHS Foundation Trust,University Hospitals of Derby and Burton NHS Foundation Trust,North West Anglia NHS Foundation Trust,Bedfordshire Hospitals NHS Foundation Trust,Shrewsbury and Telford Hospital NHS Trust,University Hospitals Birmingham NHS Foundation Trust,University Hospitals Birmingham NHS Foundation Trust,Mersey and West Lancashire Teaching Hospitals NHS Trust,Mersey and West Lancashire Teaching Hospitals NHS Trust,Warrington and Halton Hospitals NHS Foundation Trust,Wirral University Teaching Hospital NHS Foundation Trust,Bolton NHS Foundation Trust,Manchester University NHS Foundation Trust,Manchester University NHS Foundation Trust,Manchester University NHS Foundation Trust,Northern Care Alliance NHS Foundation Trust,Tameside and Glossop Integrated Care NHS Foundation Trust,"Wrightington, Wigan and Leigh NHS Foundation Trust",Northern Lincolnshire and Goole Hospitals NHS Foundation Trust,Northern Lincolnshire and Goole Hospitals NHS Foundation Trust,York and Scarborough Teaching Hospitals NHS Foundation Trust,York and Scarborough Teaching Hospitals NHS Foundation Trust,Gateshead Health NHS Foundation Trust,Newcastle upon Tyne Hospitals NHS Foundation Trust,North Cumbria Integrated Care NHS Foundation Trust,Northumbria Healthcare NHS Foundation Trust,Northumbria Healthcare NHS Foundation Trust,Northumbria Healthcare NHS Foundation Trust,Barnsley Hospital NHS Foundation Trust,Rotherham NHS Foundation Trust,Harrogate and District NHS Foundation Trust,Royal Surrey County Hospital NHS Foundation Trust,East Kent Hospitals University NHS Foundation Trust,East Kent Hospitals University NHS Foundation Trust,East Kent Hospitals University NHS Foundation Trust,Aneurin Bevan University Health Board,Aneurin Bevan University Health Board,Cardiff and Vale University Health Board,"Barking, Havering and Redbridge University Hospitals NHS Trust",Central and North West London NHS Foundation Trust,North East London NHS Foundation Trust,Leicestershire Partnership NHS Trust,Leicestershire Partnership NHS Trust,Lincolnshire Community Health Services NHS trust,University Hospitals of Leicester NHS Trust,Central London Community Healthcare NHS Trust,Norfolk Community Health and Care NHS Trust,Anglian Community Enterprise CIC,Hertfordshire Community NHS Trust,Provide,Birmingham Community Healthcare NHS Foundation Trust,George Eliot Hospital NHS Trust,Herefordshire and Worcestershire Health and Care NHS Trust,Midlands Partnership NHS Foundation Trust,South Warwickshire University NHS Foundation Trust,Walsall Healthcare NHS Trust,East Lancashire Hospitals NHS Trust,Lancashire Teaching Hospitals NHS Foundation Trust,Doncaster and Bassetlaw Teaching Hospitals NHS Foundation Trust,Sheffield Teaching Hospitals NHS Foundation Trust,Frimley Health NHS Foundation Trust,Virgin Care Ltd,Cornwall Partnership NHS Foundation Trust,Royal Devon University Healthcare NHS Foundation Trust,Torbay and South Devon NHS Foundation Trust,University Hospitals Plymouth NHS Trust,East Sussex Healthcare NHS Trust,Oxford Health NHS Foundation Trust,Gloucestershire Health and Care NHS Foundation Trust,Great Western Hospitals NHS Foundation Trust,Sirona Care & Health,Somerset NHS Foundation Trust,Virgin Care Ltd,Wiltshire Health and Care,Betsi Cadwaladr University Health Board,Betsi Cadwaladr University Health Board,Betsi Cadwaladr University Health Board,Cwm Taf Morgannwg University Local Health Board,Cwm Taf Morgannwg University Local Health Board,Swansea Bay University Local Health Board,Southern Health and Social Care Trust
  Team,Queens Hospital Romford HASU,Royal London Hospital HASU,Charing Cross Hospital HASU,King's College Hospital HASU,Princess Royal University Hospital HASU,Northwick Park Hospital HASU,St George's Hospital HASU,University College Hospital HASU,Northampton General Hospital,Queen's Medical Centre - Nottingham,Kings Mill Hospital,Lincoln County Hospital,Royal Derby Hospital,Leicester Royal Infirmary,Addenbrooke's Hospital,Colchester General Hospital,Ipswich Hospital,James Paget Hospital,Norfolk and Norwich University Hospital,Peterborough City Hospital,Queen Elizabeth Hospital Kings Lynn,West Suffolk Hospital,Luton and Dunstable Hospital,Lister Hospital,Basildon University Hospital,Broomfield Hospital,Southend Hospital,Watford General Hospital,Russells Hall Hospital,New Cross Hospital,Princess Royal Hospital Telford,Royal Stoke University Hospital,Sandwell District Hospital,Queen Elizabeth Hospital Edgbaston,University Hospital Coventry,Worcestershire Royal Hospital,Hereford County Hospital,Countess of Chester Hospital,University Hospital Aintree,Whiston Hospital HASU,Wirral Arrowe Park Hospital,Chesterfield Royal,Fairfield General Hospital,Salford Royal Hospital,Stepping Hill Hospital,Hull Royal Infirmary,Scunthorpe General Hospital,York Hospital,Blackpool Victoria Hospital,Royal Blackburn Hospital,Royal Preston Hospital,Furness General Hospital,Royal Lancaster Infirmary,University Hospital of North Durham,Royal Victoria Infirmary,Cumberland Infirmary,University Hospitals of North Tees and Hartlepool,Northumbria Specialist Emergency Care Hospital HASU,James Cook University Hospital,Sunderland Royal Hospital,Leighton Hospital,Doncaster Royal Infirmary,Royal Hallamshire Hospital,Bradford and Airedale SU,Calderdale Royal Hospital,Leeds General Infirmary,Pinderfields Hospital,Milton Keynes General Hospital,St Peter's Hospital,Epsom Hospital,Frimley Park Hospital,East Surrey Hospital,Darent Valley Hospital,Invicta Ward Kent and Canterbury Hospital,Maidstone District General Hospital,Royal Cornwall Hospital,North Devon District Hospital,Royal Devon and Exeter Hospital,Torbay Hospital,Derriford Hospital,Eastbourne District General Hospital,Royal Sussex County Hospital,St Richards Hospital,Worthing Hospital,Wycombe General Hospital,John Radcliffe Hospital,Royal Berkshire Hospital,Dorset County Hospital,Royal Hampshire County Hospital,St Mary's Hospital Newport,Queen Alexandra Hospital Portsmouth,Southampton General Hospital,University Hospitals Dorset Stroke Service,Gloucestershire Royal Hospital,Great Western Hospital Swindon,Bristol and Weston SU,Royal United Hospital Bath,Salisbury District Hospital,Musgrove Park Hospital,Yeovil District Hospital,Grange University Hospital,Glan Clwyd District General Hospital,Maelor Hospital,Ysbyty Gwynedd,University Hospital of Wales,Prince Charles Hospital,Princess Of Wales Hospital,Bronglais Hospital,Prince Philip Hospital,West Wales General,Withybush General Hospital,Morriston Hospital,Royal Victoria Hospital Belfast,Antrim Area Hospital,Causeway Hospital,Ulster Hospital,Craigavon Area Hospital,Daisy Hill Hospital,Altnagelvin Hospital,South West Acute Hospital,Noble's Hospital,Jersey Health & Community Services Acute Episode,Queens Hospital Romford SU,Newham General Hospital,Royal London Hospital SU,Whipps Cross University Hospital,Chelsea and Westminster Hospital,West Middlesex University Hospital,Croydon University Hospital,St Helier Hospital,St Thomas Hospital,Hillingdon Hospital,Homerton University Hospital,Charing Cross Hospital SU - Nine South Ward,King's College Hospital SU,Princess Royal University Hospital SU,Kingston Hospital,University Hospital Lewisham,Northwick Park Hospital SU,North Middlesex Hospital,Barnet General Hospital,Royal Free Hospital,St George's Hospital SU,University College Hospital SU,Queens Hospital Burton upon Trent,Hinchingbrooke Hospital,Bedford Hospital,Royal Shrewsbury Hospital,Birmingham Heartlands Hospital,Good Hope General Hospital,Southport and Formby District General,Whiston Hospital SU,Warrington Hospital,Wirral Clatterbridge Rehabilitation Centre,Royal Bolton Hospital,Manchester Royal Infirmary,Trafford General Hospital,Wythenshawe Hospital,Salford Royal Rehab Unit,Tameside General Hospital,Royal Albert Edward Infirmary,Diana Princess of Wales Hospital Grimsby,Goole District Hospital,"Johnson Ward Stroke Rehab Unit, Bridlington Hospital",White Cross Court Stroke Rehabilitation Unit,Queen Elizabeth Hospital Gateshead,Freeman Hospital,West Cumberland Hospital,Hexham General Hospital,North Tyneside General Hospital,Wansbeck General Hospital,Barnsley Hospital,Rotherham Hospital,Harrogate District Hospital,Royal Surrey County Hospital,Kent and Canterbury Hospital,Queen Elizabeth the Queen Mother Hospital,William Harvey Hospital,Royal Gwent Hospital,Ysbyty Ystrad Fawr,Llandough Hospital,Goodmayes Hospital BHRUT Stroke Inpatient Rehab Team (Daisy Ward),St Pancras Hospital,Meadow Court Community Hospital,Coalville Community Hospital,St Lukes Stroke Rehabilitation Team - Market Harborough Hospital,Lincolnshire Community Hospitals,Leicester City Stroke Rehabilitation Unit,Holywell Rehabilitation Unit,Norwich Community Hospital - Beech Ward,Clacton Hospital,Danesbury Neurological Centre,Bayman Ward-Brentwood Community Hospital,Moseley Hall Stroke Rehabilitation Unit,George Eliot Hospital,Worcestershire Stroke Rehabilitation Unit,Staffordshire Rehabilitation Team,Feldon Stroke Rehabilitation Unit SWFT,Walsall Inpatient Rehab Team,Pendle Community Hospital - Marsden Stroke Unit,Chorley and South Ribble Hospital,Montagu Hospital,Sheffield Stroke Pathway Assessment and Rehabilitation Centre (SPARC),Wexham Park Hospital,Sapphire Unit - Gravesham Community Hospital,Lanyon Stroke Rehabilitation Unit,East Devon Community Stroke Rehab Unit,Newton Abbot Hospital,"Wembury, Stroke Rehabilitation",Bexhill Hospital - Irvine Unit,Oxfordshire Stroke Rehabilitation Unit,Vale Specialist Stroke Rehabilitation Unit,Forest Ward - Swindon Intermediate Care Centre,South Bristol Community Hospital,Somerset Community Stroke Rehabilitation Units,St Martin's Hospital - Sulis Unit,WHC Mulberry Stroke Rehabilitation Ward,BCUHB-Centre Stroke Rehab at LLGH,Deeside SSIR,Ysbyty Eryri Stroke Rehabilitation Unit,Royal Glamorgan,Ysbyty Cwm Rhondda,Neath Port Talbot Hospital,South Tyrone and Lurgan Hospitals
  SSNAP level,C,C,A,B,C,B,A,A,C,A,C,D,D,C,B,A,B,C,C,C,C,A,C,B,B,C,B,A,B,B,D,B,B,B,C,B,B,B,A,A,A,C,A,A,A,B,C,C,B,A,A,B,B,B,A,B,B,A,B,B,C,B,B,D,C,C,B,B,D,C,B,C,B,A,A,C,B,B,D,B,C,D,D,C,A,A,A,B,B,C,B,C,C,C,D,C,B,C,B,C,C,D,D,D,B,C,D,C,B,D,C,C,B,B,B,C,B,D,D,B,D,X,D,C,B,A,A,B,D,C,B,C,B,B,B,B,C,C,B,B,B,A,A,B,D,D,C,TFP,D,D,D,A,B,B,C,A,B,D,TFP,A,D,D,TFP,D,D,B,B,D,TFP,B,B,C,C,E,A,B,TFP,TFP,X,C,B,B,B,C,B,C,E,C,TFP,B,D,B,A,B,A,A,B,B,B,A,A,C,B,E,TFP,D,B,C,A,B,B,B,C,C,C,C,D,A,C,C,D,C,D,D
  SSNAP score,65.5,67.5,89.0,78.0,68.0,79.0,87.0,84.5,61.0,82.0,62.0,54.2,47.5,66.0,80.0,82.0,70.0,69.0,65.5,61.0,64.0,90.0,66.0,72.0,80.0,69.0,78.0,88.0,77.0,72.0,52.2,77.0,73.0,75.0,69.3,71.0,76.0,75.0,90.0,93.0,83.0,61.0,89.0,86.0,95.0,70.0,69.3,65.5,73.0,81.0,81.0,80.0,80.0,72.0,88.0,72.0,77.0,92.0,74.0,73.0,66.0,72.0,75.0,58.9,64.0,62.0,78.0,74.0,54.2,60.0,79.8,68.0,74.0,89.0,88.3,62.0,72.0,75.0,41.5,77.0,65.0,51.0,59.0,67.0,89.0,83.0,80.8,79.0,78.0,68.4,78.0,67.0,60.0,69.0,56.0,66.5,71.0,69.0,77.0,64.0,62.0,47.0,51.3,44.0,74.0,63.0,43.0,63.0,74.0,59.0,63.7,65.0,73.1,72.0,76.0,65.0,77.0,52.0,54.2,77.0,45.0,.,53.0,65.2,74.7,82.7,86.3,76.3,56.7,66.7,76.7,62.2,77.9,79.6,70.0,73.3,64.0,63.7,71.7,75.7,73.1,95.0,85.3,78.8,40.9,47.9,62.4,.,44.2,49.9,58.9,82.0,71.6,78.3,68.0,81.3,78.3,40.7,.,84.0,55.1,55.7,.,55.5,51.9,70.3,75.0,40.9,.,71.7,74.3,62.0,62.4,29.9,84.0,75.7,.,.,.,69.2,72.8,73.7,75.5,62.9,70.3,65.6,35.4,61.7,.,76.9,52.0,70.6,83.7,78.8,86.4,84.5,71.8,75.0,75.2,86.4,80.3,66.8,77.1,38.7,.,51.1,78.3,60.2,87.8,75.7,78.6,75.7,65.0,67.8,67.9,62.7,50.9,83.9,69.9,66.0,40.0,67.6,56.6,54.3
  Case ascertainment band,A,A,A,A,A,A,A,A,A,A,A,A,A,A,A,A,A,A,A,A,A,A,A,A,A,A,A,A,A,A,A,A,A,A,A,A,A,A,A,A,A,A,A,A,A,A,A,A,A,A,A,A,A,A,A,A,A,A,A,A,A,A,A,A,A,A,A,A,A,A,A,A,A,A,A,A,A,A,B,A,A,A,A,A,A,A,B,A,A,A,A,A,A,A,A,A,A,A,A,A,A,A,A,A,A,A,A,A,A,A,A,A,A,A,A,A,A,A,A,A,A,E,A,B,A,A,A,A,A,A,A,B,A,A,A,A,A,A,A,A,A,A,A,A,A,C,A,,A,A,A,B,A,A,A,A,A,A,,A,A,A,,A,A,A,A,B,,A,A,A,A,C,A,A,,,X,B,B,A,A,A,A,A,A,A,D,A,A,A,A,A,A,A,A,B,A,A,A,A,A,A,,C,A,B,B,A,A,A,C,A,A,A,B,A,A,A,A,A,A,C
  Audit compliance band,B,B,A,A,A,A,A,B,A,A,A,B,B,A,A,A,A,A,B,A,A,A,A,A,A,A,A,A,A,A,C,A,A,A,B,A,A,A,A,A,A,A,A,A,A,A,B,B,A,A,A,A,A,A,A,A,A,A,A,A,A,A,B,B,A,A,A,A,B,A,B,A,A,A,B,A,A,A,B,A,A,A,A,A,A,A,A,A,A,B,A,A,A,A,A,B,A,A,A,A,A,A,B,A,A,A,A,A,A,A,B,A,B,A,A,A,A,A,B,A,C,X,D,A,B,A,A,B,A,A,A,D,B,D,A,A,A,B,C,A,B,A,A,B,B,D,B,TFP,A,B,D,A,B,A,D,A,A,A,TFP,A,B,A,TFP,D,D,A,A,D,TFP,A,A,A,C,E,C,B,TFP,TFP,X,B,B,D,A,D,B,B,E,E,C,A,D,D,B,A,A,A,C,B,A,A,B,D,D,E,TFP,D,A,D,A,A,A,A,C,D,C,B,D,B,B,B,A,B,C,C
  Combined Total Key Indicator level,C,B,A,B,C,B,A,A,C,A,C,D,D,C,B,A,B,C,C,C,C,A,C,B,B,C,B,A,B,B,D,B,B,B,B,B,B,B,A,A,A,C,A,A,A,B,B,C,B,A,A,B,B,B,A,B,B,A,B,B,C,B,B,C,C,C,B,B,D,C,A,C,B,A,A,C,B,B,D,B,C,D,D,C,A,A,A,B,B,B,B,C,C,C,D,B,B,C,B,C,C,D,D,D,B,C,D,C,B,D,C,C,B,B,B,C,B,D,D,B,D,X,C,C,B,A,A,A,D,C,B,B,A,A,B,B,C,C,B,B,B,A,A,A,D,C,C,TFP,D,D,C,A,B,B,B,A,B,D,TFP,A,D,D,TFP,C,C,B,B,D,TFP,B,B,C,C,D,A,B,TFP,TFP,X,B,A,A,B,B,B,C,D,B,TFP,B,C,A,A,B,A,A,B,A,B,A,A,B,A,D,TFP,B,B,B,A,B,B,B,A,B,B,C,C,A,B,C,D,B,C,B
  Combined Total Key Indicator score,69.0,71.0,89.0,78.0,68.0,79.0,87.0,89.0,61.0,82.0,62.0,57.0,50.0,66.0,80.0,82.0,70.0,69.0,69.0,61.0,64.0,90.0,66.0,72.0,80.0,69.0,78.0,88.0,77.0,72.0,58.0,77.0,73.0,75.0,73.0,71.0,76.0,75.0,90.0,93.0,83.0,61.0,89.0,86.0,95.0,70.0,73.0,69.0,73.0,81.0,81.0,80.0,80.0,72.0,88.0,72.0,77.0,92.0,74.0,73.0,66.0,72.0,79.0,62.0,64.0,62.0,78.0,74.0,57.0,60.0,84.0,68.0,74.0,89.0,93.0,62.0,72.0,75.0,46.0,77.0,65.0,51.0,59.0,67.0,89.0,83.0,85.0,79.0,78.0,72.0,78.0,67.0,60.0,69.0,56.0,70.0,71.0,69.0,77.0,64.0,62.0,47.0,54.0,44.0,74.0,63.0,43.0,63.0,74.0,59.0,67.0,65.0,77.0,72.0,76.0,65.0,77.0,52.0,57.0,77.0,50.0,.,62.3,68.7,78.7,82.7,86.3,80.3,56.7,66.7,76.7,77.0,82.0,93.7,70.0,73.3,64.0,67.0,79.7,75.7,77.0,95.0,85.3,83.0,43.0,66.3,65.7,.,44.2,52.6,69.3,86.3,75.3,78.3,80.0,81.3,78.3,40.7,.,84.0,58.0,55.7,.,65.3,61.0,70.3,75.0,50.7,.,71.7,74.3,62.0,69.3,44.0,93.3,79.7,.,.,.,76.7,80.7,86.7,75.5,74.0,74.0,69.0,44.3,77.1,.,76.9,61.2,83.1,88.1,78.8,86.4,84.5,79.8,83.1,75.2,86.4,84.5,78.6,90.7,48.3,.,70.7,78.3,74.5,92.4,75.7,78.6,75.7,85.0,79.8,75.5,66.0,63.1,88.3,73.6,69.5,40.0,71.2,62.9,71.0
Number of records completed: Team-centred post-72h all teams cohort,256,295,336,277,251,285,322,284,260,330,190,271,311,319,224,149,152,125,262,275,135,180,210,233,157,197,155,185,141,306,218,295,230,306,319,208,150,115,384,292,165,150,237,495,265,242,195,318,167,225,224,46,137,257,305,182,151,241,209,197,139,175,363,191,176,314,304,75,135,92,210,178,147,258,207,252,104,195,138,225,214,151,128,123,199,214,165,145,221,94,245,304,332,236,156,403,181,79,165,122,215,113,82,90,193,151,111,32,43,66,71,140,168,138,45,131,180,38,66,46,39,Too few to report,95,41,76,55,32,45,77,48,63,54,38,63,41,88,75,118,198,46,35,59,34,28,65,41,24,Too few to report,178,108,62,58,45,37,70,48,62,41,Too few to report,57,81,54,Too few to report,32,40,76,43,41,Too few to report,49,63,80,76,53,40,92,Too few to report,Too few to report,None completed,76,57,25,38,23,27,40,36,26,22,39,25,34,39,41,46,57,32,31,25,41,58,32,65,44,Too few to report,40,43,40,32,29,45,25,25,74,57,23,27,32,21,21,26,22,48,20
Patient-centred Domain levels: 1) Scanning,A,A,A,A,A,A,A,A,A,A,C,A,C,A,A,A,B,A,A,B,B,A,A,A,A,A,A,A,B,A,B,A,A,A,A,B,B,A,A,A,A,C,A,A,A,A,A,A,A,A,A,A,A,A,A,B,B,A,B,A,A,B,A,B,B,A,B,A,A,A,A,A,A,A,A,A,A,B,A,A,A,B,A,A,A,A,A,A,A,A,A,A,B,A,A,A,A,A,A,A,A,C,A,A,B,A,B,A,A,A,A,A,A,A,A,A,A,A,A,A,D,None entered,A,B,A,B,A,A,B,A,A,A,A,A,A,A,C,A,A,A,B,A,A,A,D,C,C,Too few to report,D,C,A,A,A,A,A,A,A,D,Too few to report,A,B,C,Too few to report,A,A,A,B,B,Too few to report,A,A,C,C,B,A,A,Too few to report,Too few to report,None entered,A,B,,,,,,,,,,,,,,,,,,,,,,,,,,,,,,,,,,,,,,,,,,,
Patient-centred Domain levels: 2) Stroke unit,E,E,C,E,E,E,C,B,D,C,E,E,E,E,E,D,C,D,D,E,E,C,D,E,E,D,C,C,C,D,E,D,C,E,D,E,E,E,A,B,C,E,C,C,B,C,C,D,E,E,E,B,B,C,B,C,B,C,C,D,E,D,B,E,E,E,C,D,E,E,D,E,E,A,B,E,D,C,E,D,C,E,E,D,A,D,C,E,C,C,C,D,E,B,E,E,D,C,C,E,E,E,E,D,D,E,E,B,C,E,C,E,E,E,C,E,D,B,E,B,C,Too few to report,E,E,E,E,B,E,E,D,E,E,E,C,E,E,E,E,E,D,E,C,C,D,E,E,E,Too few to report,E,E,C,C,C,B,D,C,D,E,Too few to report,C,E,C,Too few to report,C,C,C,B,E,Too few to report,B,C,E,E,E,D,B,Too few to report,Too few to report,None entered,E,D,B,E,A,A,A,E,A,Too few to report,A,E,A,B,B,A,B,A,A,A,B,B,A,A,C,E,A,A,B,B,A,B,A,A,A,A,A,A,B,A,A,E,C,B,A
Patient-centred Domain levels: 3) Thrombolysis,C,B,A,C,D,B,B,A,C,C,D,C,D,C,B,B,C,B,C,B,C,B,A,C,A,A,A,B,B,B,D,B,B,C,C,D,D,D,A,B,D,D,B,C,A,B,C,B,D,B,C,E,B,C,B,C,B,A,B,D,C,C,C,D,C,C,B,A,E,E,A,C,C,A,A,D,D,C,D,C,A,D,B,D,C,A,A,C,C,B,B,B,D,B,D,C,D,C,D,C,C,E,D,D,D,D,D,D,C,E,C,E,B,A,B,C,B,C,C,D,C,None entered,C,D,D,D,D,B,D,E,E,D,D,A,D,D,E,D,C,C,D,A,B,A,D,C,B,Too few to report,D,D,D,B,D,D,B,C,B,D,Too few to report,B,E,D,Too few to report,C,B,C,B,D,Too few to report,A,A,E,D,D,B,A,Too few to report,Too few to report,None entered,C,D,,,,,,,,,,,,,,,,,,,,,,,,,,,,,,,,,,,,,,,,,,,
Patient-centred Domain levels: 4) Specialist Assessments,B,A,A,A,A,A,A,A,C,B,B,B,D,C,A,A,A,B,B,B,C,A,B,B,B,B,B,A,B,B,D,B,A,B,D,A,C,B,A,A,A,E,A,A,A,B,C,B,B,A,A,A,B,B,A,C,B,A,C,A,D,B,C,C,C,B,C,A,B,B,A,B,A,A,A,B,B,B,D,B,C,D,A,B,B,B,B,B,A,B,A,B,C,B,E,B,A,D,C,B,B,E,D,E,B,D,E,B,A,E,B,A,B,A,A,E,B,D,C,A,C,None entered,A,C,B,C,A,C,C,B,B,A,B,A,A,A,D,B,A,C,E,A,A,A,E,E,E,Too few to report,E,E,B,B,C,A,B,B,B,E,Too few to report,B,D,E,Too few to report,B,B,B,A,E,Too few to report,A,B,B,E,D,A,A,Too few to report,Too few to report,None entered,C,C,,,,,,,,,,,,,,,,,,,,,,,,,,,,,,,,,,,,,,,,,,,
Patient-centred Domain levels: 5) Occupational therapy,B,B,B,A,C,B,B,A,C,A,C,E,C,B,A,C,A,B,B,C,A,A,D,A,A,C,B,A,A,B,A,A,E,A,A,C,A,A,A,A,B,C,A,A,A,C,A,B,A,B,A,A,B,E,A,A,A,A,A,B,A,A,A,C,B,B,A,A,C,E,A,C,B,B,A,B,A,C,C,A,D,C,C,B,A,A,A,A,A,B,A,C,B,C,C,C,B,C,A,C,B,D,E,C,B,A,B,C,A,B,C,B,C,C,B,A,A,A,C,B,E,Too few to report,C,B,A,A,A,A,C,D,B,C,A,A,C,C,C,C,C,B,A,A,B,A,C,B,A,Too few to report,E,C,C,B,B,C,A,B,C,E,Too few to report,A,B,B,Too few to report,C,C,A,C,C,Too few to report,D,C,A,A,C,A,B,Too few to report,Too few to report,None entered,A,A,A,A,C,C,C,C,A,Too few to report,C,C,C,B,B,B,C,A,A,B,B,A,B,A,A,E,C,B,A,A,C,A,C,B,B,C,C,C,A,C,A,A,A,C,C
Patient-centred Domain levels: 6) Physiotherapy,B,B,B,A,B,B,B,B,D,A,D,D,C,B,A,B,B,C,B,C,B,A,B,A,B,B,C,A,A,B,B,A,C,A,B,B,A,B,B,B,B,C,A,B,A,B,A,B,B,B,B,C,B,B,A,B,C,A,B,A,A,B,B,C,A,C,A,A,D,C,A,B,B,B,A,D,A,C,D,B,D,D,D,D,A,A,A,A,A,D,A,B,C,D,D,B,B,B,B,B,C,D,C,C,B,B,D,D,B,C,B,B,B,D,D,B,B,A,B,B,B,Too few to report,B,A,A,A,A,B,C,C,A,B,A,A,C,B,C,B,B,B,A,A,B,A,D,A,A,Too few to report,C,B,B,C,B,B,B,C,B,E,Too few to report,A,D,B,Too few to report,D,D,B,B,B,Too few to report,D,C,A,B,C,A,B,Too few to report,Too few to report,None entered,B,B,A,A,B,B,C,C,A,Too few to report,B,B,A,A,B,A,B,A,A,B,B,B,B,A,B,A,C,B,B,A,B,A,B,B,B,B,D,D,A,C,A,B,A,A,D
Patient-centred Domain levels: 7) Speech and Language therapy,B,B,C,D,C,B,B,B,D,C,C,D,C,E,B,C,E,D,C,D,D,B,E,E,C,C,C,B,E,D,C,E,C,C,C,C,B,C,C,A,D,C,B,C,A,D,E,E,C,B,B,B,C,D,C,C,D,A,E,E,C,C,C,C,C,C,C,D,E,A,C,C,B,C,A,C,D,B,E,A,E,C,D,C,B,C,A,A,C,C,E,C,C,D,D,C,C,C,B,D,C,C,D,E,B,D,E,D,E,C,E,C,A,B,B,B,C,C,E,D,D,Too few to report,B,C,B,A,B,A,C,A,C,C,B,B,C,C,B,D,B,A,A,A,C,A,D,B,E,Too few to report,D,D,D,A,D,C,C,B,B,E,Too few to report,A,D,D,Too few to report,E,E,C,C,C,Too few to report,B,B,D,B,C,A,C,Too few to report,Too few to report,None entered,C,A,B,A,B,D,C,C,D,Too few to report,A,C,B,B,A,B,B,E,B,E,B,B,B,B,D,E,B,B,C,B,C,B,C,B,B,B,C,D,B,B,C,E,D,C,B
Patient-centred Domain levels: 8) MDT working,D,E,A,B,D,B,B,C,C,C,B,D,E,C,C,B,D,C,D,E,C,B,D,C,C,D,B,B,B,C,D,B,B,C,D,B,B,B,B,A,A,B,A,A,A,D,D,D,C,B,C,B,C,B,B,C,B,A,B,C,D,B,C,C,B,D,D,D,B,E,B,D,B,B,B,D,C,B,D,B,D,D,E,B,C,C,D,B,B,B,D,D,C,D,D,C,C,B,C,E,E,D,C,E,B,D,E,C,C,C,C,D,C,B,B,E,D,E,E,C,E,Too few to report,E,E,E,E,B,D,D,C,C,B,E,A,C,D,C,D,B,E,E,D,B,C,E,E,E,Too few to report,E,D,C,A,B,A,C,D,B,E,Too few to report,B,D,E,Too few to report,D,E,C,B,D,Too few to report,A,A,B,D,E,B,B,Too few to report,Too few to report,None entered,D,A,E,D,E,D,D,E,D,Too few to report,E,C,C,D,D,E,A,B,E,A,C,C,B,B,E,D,D,D,E,A,E,D,D,D,B,D,B,D,E,B,E,E,E,E,D
Patient-centred Domain levels: 9) Standards by discharge,B,B,B,A,A,A,A,A,C,A,B,C,C,A,A,A,B,C,D,A,A,A,C,B,A,B,B,B,A,A,D,B,B,B,A,A,A,A,B,A,A,A,B,A,B,B,B,B,A,A,A,B,B,A,B,C,C,B,A,A,A,B,B,A,E,B,A,C,B,B,B,A,B,C,B,B,B,B,D,C,A,C,A,A,B,B,B,C,B,D,B,B,C,B,A,B,B,B,B,B,B,A,B,E,B,A,B,A,A,B,C,B,A,A,A,B,B,B,B,A,A,Too few to report,B,B,A,A,A,A,A,A,A,A,A,A,A,A,B,B,A,B,C,A,A,B,B,B,C,Too few to report,B,B,A,A,A,B,A,A,A,B,Too few to report,B,A,B,Too few to report,A,B,B,B,B,Too few to report,B,A,B,B,B,A,B,Too few to report,Too few to report,None entered,B,B,B,A,A,A,A,B,B,Too few to report,B,B,B,A,B,A,A,B,B,A,A,A,B,B,C,A,B,B,D,B,A,B,B,B,C,B,A,B,B,A,E,B,B,B,B
Patient-centred Domain levels: 10) Discharge processes,B,A,A,A,A,B,A,B,A,A,A,A,B,B,B,A,B,A,A,B,C,A,A,A,A,B,A,A,B,B,A,A,A,A,A,A,A,A,A,A,A,A,A,A,A,A,A,B,A,B,A,A,A,A,A,A,A,B,A,A,A,C,A,B,A,D,A,B,B,A,A,B,C,A,A,B,A,A,B,B,A,C,D,C,A,A,B,A,C,A,A,A,B,A,A,A,B,B,A,A,A,B,B,C,A,B,D,D,C,A,A,C,A,C,C,A,A,A,A,A,E,Too few to report,B,A,A,A,B,C,B,A,B,A,A,A,A,A,A,A,B,C,A,A,A,B,A,D,A,Too few to report,A,A,A,A,A,A,A,A,A,A,Too few to report,A,A,A,Too few to report,B,B,C,A,A,Too few to report,B,B,A,A,D,A,A,Too few to report,Too few to report,None entered,A,A,A,C,C,B,B,D,C,Too few to report,A,A,A,A,C,A,A,A,A,C,A,A,D,A,C,B,B,A,B,A,B,C,B,A,A,B,D,B,A,C,C,A,C,C,B
Patient-centred KI level Patient-centred Total KI level,B,B,A,B,B,B,A,A,C,A,C,D,D,C,A,B,B,B,C,C,C,A,C,B,B,B,B,A,B,B,C,B,B,B,B,B,B,B,A,A,B,C,A,A,A,B,B,C,B,B,B,B,B,B,A,B,B,A,B,B,B,B,B,C,C,C,B,B,D,C,A,C,B,A,A,C,B,B,D,B,C,D,C,C,A,A,A,B,B,B,B,B,C,B,D,B,B,B,B,C,C,D,D,D,B,C,D,C,B,C,C,C,B,B,B,C,B,B,C,B,D,Insufficient records,C,C,B,B,A,B,C,B,B,B,B,A,B,B,D,C,B,C,C,A,A,A,D,D,D,TFP,D,D,B,A,B,B,B,B,B,E,TFP,A,D,D,TFP,C,C,B,B,D,TFP,B,A,C,C,D,A,A,TFP,TFP,No records,B,B,B,B,B,B,B,D,B,TFP,B,C,A,A,B,A,A,A,A,B,A,A,B,A,C,Not included in scoring,B,B,C,A,B,B,B,B,A,B,C,C,B,B,C,C,C,C,C
Patient-centred KI level Patient-centred Total KI score,70.0,74.0,86.0,80.0,70.0,80.0,86.0,88.0,62.0,82.0,62.0,56.0,50.0,66.0,82.0,80.0,70.0,70.0,68.0,62.0,66.0,90.0,66.0,72.0,80.0,72.0,80.0,88.0,78.0,74.0,60.0,78.0,74.0,76.0,72.0,72.0,76.0,76.0,90.0,94.0,80.0,60.0,90.0,86.0,96.0,72.0,72.0,68.0,74.0,80.0,80.0,80.0,80.0,72.0,88.0,72.0,76.0,92.0,76.0,74.0,72.0,72.0,78.0,62.0,66.0,62.0,78.0,76.0,58.0,60.0,86.0,68.0,74.0,86.0,94.0,62.0,74.0,74.0,48.0,78.0,66.0,50.0,60.0,68.0,86.0,82.0,84.0,80.0,80.0,72.0,78.0,72.0,60.0,70.0,56.0,70.0,72.0,70.0,76.0,64.0,66.0,48.0,54.0,44.0,74.0,64.0,44.0,64.0,74.0,60.0,68.0,64.0,78.0,74.0,78.0,66.0,76.0,74.0,60.0,78.0,50.0,.,68.0,64.0,74.0,72.0,86.0,74.0,60.0,70.0,70.0,74.0,74.0,94.0,70.0,70.0,58.0,64.0,76.0,68.0,64.0,90.0,84.0,86.0,46.0,56.0,58.0,.,44.0,54.0,72.0,86.0,74.0,80.0,80.0,76.0,80.0,38.0,.,88.0,56.0,58.0,.,64.0,62.0,74.0,80.0,58.0,.,80.0,82.0,68.0,62.0,50.0,90.0,86.0,.,.,.,70.0,78.0,80.0,74.3,71.4,71.4,71.4,48.6,74.3,.,77.1,65.7,82.9,82.9,74.3,82.9,85.7,82.9,82.9,77.1,82.9,85.7,77.1,91.4,60.0,.,71.4,80.0,65.7,91.4,71.4,77.1,71.4,80.0,82.9,74.3,68.6,62.9,80.0,77.1,65.7,60.0,65.7,65.7,68.6
"Patient-centred SSNAP level Patient-centred SSNAP level 
(after adjustments)",C,B,A,B,B,B,A,A,C,A,C,D,D,C,A,B,B,B,C,C,C,A,C,B,B,B,B,A,B,B,D,B,B,B,C,B,B,B,A,A,B,C,A,A,A,B,C,C,B,B,B,B,B,B,A,B,B,A,B,B,B,B,B,D,C,C,B,B,D,C,A,C,B,A,A,C,B,B,D,B,C,D,C,C,A,A,B,B,B,C,B,B,C,B,D,C,B,B,B,C,C,D,D,D,B,C,D,C,B,C,C,C,B,B,B,C,B,B,D,B,D,X,D,C,B,B,A,B,C,B,B,D,B,B,B,B,D,C,C,C,C,A,A,A,D,D,D,TFP,D,D,C,A,B,B,C,B,B,E,TFP,A,D,D,TFP,D,D,B,B,D,TFP,B,A,C,D,E,A,A,TFP,TFP,X,C,B,C,B,C,C,C,E,D,TFP,B,D,B,B,B,A,A,B,B,B,A,A,C,B,D,,D,B,D,A,B,B,B,C,B,C,C,D,B,B,C,C,C,D,D
Patient-centred SSNAP level Patient-centred SSNAP score,66.5,70.3,86.0,80.0,70.0,80.0,86.0,83.6,62.0,82.0,62.0,53.2,47.5,66.0,82.0,80.0,70.0,70.0,64.6,62.0,66.0,90.0,66.0,72.0,80.0,72.0,80.0,88.0,78.0,74.0,54.0,78.0,74.0,76.0,68.4,72.0,76.0,76.0,90.0,94.0,80.0,60.0,90.0,86.0,96.0,72.0,68.4,64.6,74.0,80.0,80.0,80.0,80.0,72.0,88.0,72.0,76.0,92.0,76.0,74.0,72.0,72.0,74.1,58.9,66.0,62.0,78.0,76.0,55.1,60.0,81.7,68.0,74.0,86.0,89.3,62.0,74.0,74.0,43.3,78.0,66.0,50.0,60.0,68.0,86.0,82.0,79.8,80.0,80.0,68.4,78.0,72.0,60.0,70.0,56.0,66.5,72.0,70.0,76.0,64.0,66.0,48.0,51.3,44.0,74.0,64.0,44.0,64.0,74.0,60.0,64.6,64.0,74.1,74.0,78.0,66.0,76.0,74.0,57.0,78.0,45.0,.,57.8,60.8,70.3,72.0,86.0,70.3,60.0,70.0,70.0,59.8,70.3,79.9,70.0,70.0,58.0,60.8,68.4,68.0,60.8,90.0,84.0,81.7,43.7,40.5,55.1,.,44.0,51.3,61.2,81.7,70.3,80.0,68.0,76.0,80.0,38.0,.,88.0,53.2,58.0,.,54.4,52.7,74.0,80.0,46.8,.,80.0,82.0,68.0,55.8,34.0,81.0,81.7,.,.,.,63.2,70.4,68.0,74.3,60.7,67.9,67.9,38.9,59.4,.,77.1,55.9,70.4,78.7,74.3,82.9,85.7,74.6,74.8,77.1,82.9,81.4,65.6,77.7,48.0,.,51.6,80.0,53.1,86.9,71.4,77.1,71.4,61.2,70.4,66.9,65.1,50.8,76.0,73.3,62.4,60.0,62.4,59.1,52.5
Team-centred Domain levels: 1) Scanning,A,A,A,A,A,A,A,A,A,A,C,A,C,A,A,A,B,A,A,B,B,A,A,A,A,A,A,A,B,A,B,A,A,B,A,B,B,B,A,A,A,C,A,A,A,A,A,A,A,A,A,A,A,A,A,B,A,A,B,A,B,B,A,B,B,A,B,A,A,A,A,A,A,A,A,A,B,B,A,A,A,B,A,A,A,A,A,A,A,A,A,C,B,A,A,A,A,A,A,A,A,C,A,A,B,A,B,A,A,A,A,B,A,A,A,A,A,B,B,A,D,None entered,,,,,,,,,,,,,,,,,,,,,,,E,,,,E,D,,,,,,,,,,,,,,,,,,,,,,E,,E,,,,,,,,,,,,,,,,,,,,,,,,,,,,,,,,,,,,,,,,,,,,,,,,,,
Team-centred Domain levels: 2) Stroke unit,E,E,C,E,E,E,C,A,D,B,E,E,E,E,E,C,C,D,D,E,E,C,D,E,E,D,C,B,C,D,E,D,C,E,E,E,E,E,A,B,C,E,C,C,B,C,C,C,E,E,E,B,B,C,B,C,B,C,C,D,E,E,B,E,E,E,C,D,E,E,D,E,E,A,B,E,E,C,E,D,C,E,E,E,A,D,C,E,C,C,C,D,E,B,E,E,D,C,C,E,E,E,E,D,D,E,E,B,C,E,C,E,E,E,C,E,D,E,E,B,C,Too few to report,A,C,A,C,A,B,E,D,B,B,A,A,B,A,E,B,A,B,C,A,A,E,E,C,E,Too few to report,E,E,C,A,C,A,B,A,C,E,Too few to report,B,E,C,Too few to report,A,A,D,A,E,Too few to report,A,A,E,D,E,A,A,Too few to report,Too few to report,None entered,A,A,A,E,A,A,A,E,A,A,A,E,A,A,A,A,A,A,A,A,A,B,A,A,D,Too few to report,A,A,A,A,A,A,A,A,A,A,A,A,A,A,A,E,A,A,A
Team-centred Domain levels: 3) Thrombolysis,C,C,B,D,D,B,C,A,C,D,D,C,D,C,D,B,C,C,C,C,D,B,A,C,A,B,B,A,C,B,D,C,B,D,C,D,D,D,A,C,D,D,B,C,A,C,C,B,D,B,C,E,C,C,C,C,B,A,C,D,D,C,C,D,C,C,B,A,E,E,A,C,C,A,B,E,D,C,D,C,A,E,B,D,B,A,A,C,C,B,B,D,D,B,D,C,D,C,D,C,D,E,D,D,D,D,E,D,C,E,C,E,C,B,B,C,B,E,C,D,C,None entered,,,,,,,,,,,,,,,,,,,,,,,E,,,,.,.,,,,,,,,,,,,,,,,,,,,,,E,,E,,,,,,,,,,,,,,,,,,,,,,,,,,,,,,,,,,,,,,,,,,,,,,,,,,
Team-centred Domain levels: 4) Specialist Assessments,B,B,A,B,A,A,A,A,C,B,B,B,D,C,A,B,B,B,B,B,C,A,B,B,B,B,B,A,B,B,D,B,A,B,D,A,C,B,A,A,A,D,A,A,A,B,B,B,B,A,A,A,B,B,A,C,B,A,C,B,E,B,C,C,C,B,C,B,B,B,A,B,A,A,A,B,B,B,E,B,C,D,B,B,A,B,B,B,A,B,A,C,C,B,E,B,B,D,C,B,C,E,D,E,B,D,E,B,A,E,B,A,B,A,A,E,B,E,C,A,C,None entered,,,,,,,,,,,,,,,,,,,,,,,E,,,,E,E,,,,,,,,,,,,,,,,,,,,,,C,,E,,,,,,,,,,,,,,,,,,,,,,,,,,,,,,,,,,,,,,,,,,,,,,,,,,
Team-centred Domain levels: 5) Occupational therapy,A,C,A,A,C,B,A,A,D,A,C,E,C,A,B,B,A,C,B,C,A,A,E,A,A,D,C,B,A,C,A,A,E,A,A,C,A,A,A,A,A,C,A,A,A,E,A,C,A,A,A,A,B,E,A,A,A,A,A,B,B,A,A,C,B,C,A,A,C,E,A,C,B,A,A,B,A,B,C,A,E,C,C,B,A,A,A,A,A,B,A,C,B,D,C,C,C,C,A,C,B,E,E,C,C,B,B,C,A,C,D,A,C,C,C,A,A,E,D,B,E,Too few to report,D,C,C,A,A,A,C,E,A,B,B,A,C,C,C,C,C,A,A,A,B,A,C,A,A,Too few to report,E,C,C,B,A,C,A,B,C,E,Too few to report,A,B,E,Too few to report,C,D,A,D,E,Too few to report,E,E,A,A,C,A,C,Too few to report,Too few to report,None entered,A,B,A,A,C,B,E,E,A,A,D,D,C,A,B,B,C,B,A,B,A,A,B,A,E,Too few to report,D,C,A,A,D,A,A,A,B,C,C,C,A,C,A,E,A,D,C
Team-centred Domain levels: 6) Physiotherapy,B,D,A,B,B,B,A,B,D,A,D,C,C,B,A,B,B,C,C,C,B,A,B,A,B,C,C,B,A,B,C,A,C,A,A,B,A,B,B,B,A,C,A,B,A,B,A,B,B,B,B,C,B,B,A,B,C,A,B,A,B,A,B,C,B,C,A,A,D,C,A,B,B,A,A,D,A,C,E,B,D,C,D,D,A,A,A,A,B,D,A,C,C,D,D,C,B,B,B,C,D,D,C,C,A,B,D,D,B,D,B,B,B,D,D,B,A,E,C,C,B,Too few to report,D,A,B,A,A,B,D,D,A,B,B,A,D,C,B,B,B,A,A,A,B,A,D,A,A,Too few to report,C,B,B,C,B,B,B,B,B,E,Too few to report,A,D,D,Too few to report,D,D,B,B,E,Too few to report,D,D,B,B,D,A,C,Too few to report,Too few to report,None entered,B,B,A,A,A,B,D,C,A,A,C,C,A,A,B,A,C,A,B,B,B,C,B,A,E,Too few to report,D,B,A,A,A,A,B,A,B,B,D,D,A,D,A,E,A,C,D
Team-centred Domain levels: 7) Speech and Language therapy,C,B,B,C,D,C,B,C,D,C,C,D,C,E,B,C,E,D,C,E,E,B,E,E,C,C,C,B,E,D,C,E,D,B,C,D,B,C,C,A,C,C,B,B,A,C,E,E,D,B,A,B,C,D,B,C,D,A,E,E,D,C,B,C,D,C,C,E,E,B,C,C,B,B,A,B,E,B,E,A,E,C,D,C,B,C,A,B,C,C,E,C,D,D,D,C,C,C,B,D,C,C,E,E,B,D,E,E,E,D,E,D,A,C,C,C,C,D,E,D,D,Too few to report,C,D,C,A,D,B,E,B,D,D,B,C,D,C,B,E,B,A,A,A,C,A,E,B,E,Too few to report,D,D,E,B,E,D,E,C,C,E,Too few to report,E,E,E,Too few to report,E,E,D,E,E,Too few to report,C,C,D,C,C,B,C,Too few to report,Too few to report,None entered,E,B,B,B,C,E,C,E,E,C,B,E,C,C,A,C,B,E,D,E,C,C,B,C,E,Too few to report,D,D,D,C,C,C,D,C,C,D,D,E,A,C,C,E,E,E,B
Team-centred Domain levels: 8) MDT working,D,D,A,B,D,B,B,B,C,C,B,D,E,C,C,A,C,B,B,E,C,B,D,C,C,D,B,B,B,C,D,C,B,C,C,B,B,B,B,A,A,B,B,B,B,D,D,D,C,B,C,B,B,B,B,C,B,A,C,C,D,B,C,C,B,C,D,D,B,D,B,D,B,A,B,D,B,B,D,B,D,C,E,B,B,B,C,B,C,B,D,C,B,D,D,B,C,B,B,D,E,D,C,E,B,C,E,C,C,B,C,B,C,B,B,E,D,E,E,C,E,None entered,,,,,,,,,,,,,,,,,,,,,,,E,,,,E,E,,,,,,,,,,,,,,,,,,,,,,D,,E,,,,,,,,,,,,,,,,,,,,,,,,,,,,,,,,,,,,,,,,,,,,,,,,,,
Team-centred Domain levels: 9) Standards by discharge,B,A,A,A,B,A,A,A,C,A,B,C,C,B,A,A,B,C,D,A,A,A,B,B,A,B,B,B,A,A,E,A,B,B,A,A,A,A,B,A,A,A,B,A,B,B,B,B,A,A,A,B,B,A,B,C,C,B,A,A,A,A,B,A,E,B,A,C,C,B,B,B,B,D,B,B,B,B,C,D,A,C,A,A,B,B,B,C,B,D,B,B,C,B,A,B,B,C,B,B,B,A,B,E,B,A,B,A,A,A,C,B,A,A,A,B,B,Too few to report,B,A,A,Too few to report,C,B,A,A,A,A,A,A,A,A,A,A,A,B,B,B,A,B,Too few to report,A,A,Too few to report,B,B,A,Too few to report,A,B,B,A,A,B,A,A,A,B,Too few to report,B,A,B,Too few to report,A,B,B,B,B,Too few to report,B,A,B,B,B,A,C,Too few to report,Too few to report,None entered,A,C,B,A,B,A,A,B,A,Too few to report,B,A,B,A,B,A,A,C,B,A,A,A,B,B,B,Too few to report,A,B,B,A,A,C,B,B,D,A,A,B,B,A,E,Too few to report,B,B,B
Team-centred Domain levels: 10) Discharge processes,C,A,A,A,A,B,A,B,A,A,A,A,B,B,A,A,B,A,A,A,C,A,A,A,A,B,A,A,B,C,A,A,A,A,A,A,A,A,A,A,A,A,A,A,A,A,A,A,A,B,A,A,A,A,A,A,A,B,A,A,A,D,A,B,A,D,A,B,B,A,C,A,C,A,A,B,A,A,C,B,A,C,D,C,A,A,B,A,C,A,A,A,B,A,A,A,A,B,A,A,B,B,A,C,A,C,D,D,C,A,A,C,A,C,C,A,A,Too few to report,A,A,E,Too few to report,D,A,A,A,B,B,B,A,B,A,A,A,A,A,A,A,B,D,Too few to report,A,A,Too few to report,A,D,A,Too few to report,A,A,A,A,A,A,A,A,A,A,Too few to report,A,A,A,Too few to report,B,B,C,A,A,Too few to report,B,B,A,A,D,A,A,Too few to report,Too few to report,None entered,A,A,A,C,C,B,B,D,C,Too few to report,A,A,A,A,C,A,A,A,A,C,A,A,C,A,D,Too few to report,A,A,B,A,B,C,B,A,A,B,D,B,A,C,C,Too few to report,C,C,B
Team-centred KI level Team-centred Total KI level,C,C,A,B,C,B,A,A,C,A,C,D,D,C,B,A,B,C,B,C,C,A,C,B,B,C,B,A,B,B,D,B,B,B,B,B,B,B,A,A,A,C,A,A,A,C,B,B,B,A,A,B,B,B,A,B,B,A,B,B,C,B,B,C,C,C,B,B,D,C,A,C,B,A,A,C,B,B,D,B,C,D,D,C,A,A,A,B,B,B,B,C,C,C,D,B,B,C,B,C,D,D,D,D,B,C,D,C,B,D,C,C,B,B,B,C,B,E,D,B,D,Insufficient records,D,B,A,A,A,A,D,C,A,B,A,A,B,B,B,B,A,A,A,A,A,B,D,B,B,TFP,D,D,C,A,B,B,B,A,B,D,TFP,B,C,D,TFP,C,C,C,B,D,TFP,C,C,D,B,E,A,B,TFP,TFP,No records,A,A,A,B,B,B,C,D,B,TFP,B,D,A,A,A,A,A,B,A,B,A,A,B,A,E,Too few to report,B,B,A,A,B,B,B,A,B,B,C,C,A,B,B,E,B,C,B
Team-centred KI level Team-centred Total KI score,68.0,68.0,92.0,76.0,66.0,78.0,88.0,90.0,60.0,82.0,62.0,58.0,50.0,66.0,78.0,84.0,70.0,68.0,70.0,60.0,62.0,90.0,66.0,72.0,80.0,66.0,76.0,88.0,76.0,70.0,56.0,76.0,72.0,74.0,74.0,70.0,76.0,74.0,90.0,92.0,86.0,62.0,88.0,86.0,94.0,68.0,74.0,70.0,72.0,82.0,82.0,80.0,80.0,72.0,88.0,72.0,78.0,92.0,72.0,72.0,60.0,72.0,80.0,62.0,62.0,62.0,78.0,72.0,56.0,60.0,82.0,68.0,74.0,92.0,92.0,62.0,70.0,76.0,44.0,76.0,64.0,52.0,58.0,66.0,92.0,84.0,86.0,78.0,76.0,72.0,78.0,62.0,60.0,68.0,56.0,70.0,70.0,68.0,78.0,64.0,58.0,46.0,54.0,44.0,74.0,62.0,42.0,62.0,74.0,58.0,66.0,66.0,76.0,70.0,74.0,64.0,78.0,30.0,54.0,76.0,50.0,.,56.7,73.3,83.3,93.3,86.7,86.7,53.3,63.3,83.3,80.0,90.0,93.3,70.0,76.7,70.0,70.0,83.3,83.3,90.0,100.0,86.7,80.0,40.0,76.7,73.3,.,44.4,51.1,66.7,86.7,76.7,76.7,80.0,86.7,76.7,43.3,.,80.0,60.0,53.3,.,66.7,60.0,66.7,70.0,43.3,.,63.3,66.7,56.0,76.7,38.0,96.7,73.3,.,.,.,83.3,83.3,93.3,76.7,76.7,76.7,66.7,40.0,80.0,.,76.7,56.7,83.3,93.3,83.3,90.0,83.3,76.7,83.3,73.3,90.0,83.3,80.0,90.0,36.7,.,70.0,76.7,83.3,93.3,80.0,80.0,80.0,90.0,76.7,76.7,63.3,63.3,96.7,70.0,73.3,20.0,76.7,60.0,73.3
"Team-centred SSNAP level Team-centred SSNAP level 
(after adjustments)",C,C,A,B,C,B,A,A,C,A,C,D,D,C,B,A,B,C,C,C,C,A,C,B,B,C,B,A,B,B,D,B,B,B,B,B,B,B,A,A,A,C,A,A,A,C,B,C,B,A,A,B,B,B,A,B,B,A,B,B,C,B,B,D,C,C,B,B,D,C,B,C,B,A,A,C,B,B,E,B,C,D,D,C,A,A,A,B,B,C,B,C,C,C,D,C,B,C,B,C,D,D,D,D,B,C,D,C,B,D,C,C,B,B,B,C,B,E,D,B,D,X,D,C,B,A,A,A,D,C,A,C,A,B,B,B,B,C,B,A,A,A,A,B,E,D,C,TFP,D,D,D,A,B,B,C,A,B,D,TFP,B,D,D,TFP,D,D,C,B,E,TFP,C,C,D,C,E,A,C,TFP,TFP,X,B,B,B,B,C,B,C,E,C,TFP,B,D,B,A,A,A,A,C,B,B,A,B,C,B,E,,D,B,C,A,B,B,B,C,C,C,C,D,A,C,C,E,B,D,D
Team-centred SSNAP level Team-centred SSNAP score,64.6,64.6,92.0,76.0,66.0,78.0,88.0,85.5,60.0,82.0,62.0,55.1,47.5,66.0,78.0,84.0,70.0,68.0,66.5,60.0,62.0,90.0,66.0,72.0,80.0,66.0,76.0,88.0,76.0,70.0,50.4,76.0,72.0,74.0,70.3,70.0,76.0,74.0,90.0,92.0,86.0,62.0,88.0,86.0,94.0,68.0,70.3,66.5,72.0,82.0,82.0,80.0,80.0,72.0,88.0,72.0,78.0,92.0,72.0,72.0,60.0,72.0,76.0,58.9,62.0,62.0,78.0,72.0,53.2,60.0,77.9,68.0,74.0,92.0,87.4,62.0,70.0,76.0,39.7,76.0,64.0,52.0,58.0,66.0,92.0,84.0,81.7,78.0,76.0,68.4,78.0,62.0,60.0,68.0,56.0,66.5,70.0,68.0,78.0,64.0,58.0,46.0,51.3,44.0,74.0,62.0,42.0,62.0,74.0,58.0,62.7,66.0,72.2,70.0,74.0,64.0,78.0,30.0,51.3,76.0,45.0,.,48.2,69.7,79.2,93.3,86.7,82.3,53.3,63.3,83.3,64.6,85.5,79.3,70.0,76.7,70.0,66.5,75.0,83.3,85.5,100.0,86.7,76.0,38.0,55.4,69.7,.,44.4,48.6,56.7,82.3,72.8,76.7,68.0,86.7,76.7,43.3,.,80.0,57.0,53.3,.,56.7,51.0,66.7,70.0,35.0,.,63.3,66.7,56.0,69.0,25.8,87.0,69.7,.,.,.,75.2,75.2,79.3,76.7,65.2,72.8,63.3,32.0,64.0,.,76.7,48.2,70.8,88.7,83.3,90.0,83.3,69.0,75.2,73.3,90.0,79.2,68.0,76.5,29.3,.,50.6,76.7,67.3,88.7,80.0,80.0,80.0,68.8,65.2,69.0,60.2,51.1,91.8,66.5,69.7,20.0,72.8,54.0,56.1
Applicability to be assessed at 6m: Number of patients considered applicable to be assessed at 6 months - (ref B12.1),347,505,495,383,323,512,451,364,270,521,264,330,637,424,248,244,383,180,227,285,214,173,249,307,157,224,240,261,245,415,329,456,250,537,422,342,179,76,520,372,183,346,355,703,336,358,312,523,189,198,237,65,140,345,351,370,154,315,283,230,127,300,499,433,194,520,397,101,290,100,346,256,213,342,361,370,151,409,337,348,190,209,211,235,274,327,277,174,380,137,480,555,535,266,250,615,248,144,181,139,316,174,118,150,133,170,164,56,23,33,74,113,323,144,72,211,191,55,77,65,76,23,103,58,198,66,57,86,135,60,76,108,73,120,51,164,61,182,281,97,70,90,47,36,94,42,48,33,297,177,125,133,136,42,77,95,96,58,14,77,155,38,20,68,103,84,52,52,24,55,84,65,84,62,75,143,24,27,60,38,45,39,33,20,44,52,.,27,55,51,30,42,35,103,59,113,56,51,23,55,70,42,94,61,15,88,91,137,69,45,81,28,44,95,69,16,57,39,19,46,39,25,31,53
Applicability to be assessed at 6m: Proportion of patients alive who are considered applicable to be assessed at 6 months - (ref B12.3),77%,92%,90%,90%,89%,92%,82%,85%,76%,90%,87%,95%,99%,88%,82%,92%,99%,77%,58%,90%,96%,84%,86%,84%,78%,92%,87%,90%,95%,95%,91%,91%,75%,98%,87%,100%,87%,53%,90%,83%,89%,90%,89%,84%,78%,96%,94%,97%,78%,83%,70%,78%,79%,72%,82%,96%,86%,85%,95%,71%,67%,99%,93%,95%,66%,86%,87%,94%,99%,76%,90%,84%,87%,86%,85%,97%,90%,96%,99%,89%,58%,82%,94%,100%,88%,89%,94%,82%,100%,100%,100%,99%,95%,78%,87%,95%,89%,92%,80%,85%,93%,90%,47%,99%,50%,90%,98%,84%,35%,35%,83%,95%,96%,75%,76%,89%,82%,93%,82%,90%,94%,96%,74%,97%,94%,85%,89%,96%,86%,72%,86%,100%,96%,90%,89%,87%,69%,90%,90%,87%,97%,85%,78%,80%,94%,84%,83%,100%,98%,100%,100%,80%,79%,93%,69%,98%,96%,97%,67%,75%,99%,95%,100%,92%,95%,85%,87%,93%,92%,83%,89%,81%,82%,61%,100%,87%,86%,87%,95%,95%,47%,70%,73%,69%,85%,87%,.,77%,100%,84%,91%,91%,95%,99%,95%,100%,95%,81%,79%,85%,66%,98%,99%,81%,79%,94%,98%,100%,92%,67%,88%,74%,77%,100%,79%,73%,100%,93%,59%,100%,93%,96%,100%,88%
Patients assessed at 6m: Number of applicable patients assessed - (ref B13.1),62,95,87,153,90,154,142,117,132,185,86,63,26,161,117,103,0,139,124,96,12,116,92,75,124,75,192,30,46,118,38,290,52,50,89,45,21,62,57,242,163,329,120,168,132,47,79,126,102,111,118,45,85,153,158,92,137,213,106,76,77,32,243,227,142,101,119,31,9,58,19,68,51,108,102,161,39,172,2,100,46,63,37,8,51,72,46,23,44,68,29,288,98,118,46,75,72,6,140,77,48,105,73,1,94,139,45,31,22,22,70,87,92,81,60,138,73,31,61,48,32,1,24,4,24,24,9,5,120,27,44,7,17,17,30,48,25,58,83,20,20,31,24,12,21,23,36,0,33,17,36,72,130,36,38,9,1,4,11,37,0,24,1,29,22,35,23,46,5,34,60,56,75,22,0,49,13,6,7,4,32,7,13,4,17,24,.,10,1,39,11,8,28,42,14,18,29,18,16,37,38,1,37,9,2,34,24,1,16,9,25,12,11,1,61,13,0,23,7,0,38,24,22,12
Patients assessed at 6m: Proportion of applicable patients assessed - (ref B13.3),18%,19%,18%,40%,28%,30%,31%,32%,49%,36%,33%,19%,4%,38%,47%,42%,0%,77%,55%,34%,6%,67%,37%,24%,79%,33%,80%,11%,19%,28%,12%,64%,21%,9%,21%,13%,12%,82%,11%,65%,89%,95%,34%,24%,39%,13%,25%,24%,54%,56%,50%,69%,61%,44%,45%,25%,89%,68%,37%,33%,61%,11%,49%,52%,73%,19%,30%,31%,3%,58%,5%,27%,24%,32%,28%,44%,26%,42%,1%,29%,24%,30%,18%,3%,19%,22%,17%,13%,12%,50%,6%,52%,18%,44%,18%,12%,29%,4%,77%,55%,15%,60%,62%,1%,71%,82%,27%,55%,96%,67%,95%,77%,28%,56%,83%,65%,38%,56%,79%,74%,42%,4%,23%,7%,12%,36%,16%,6%,89%,45%,58%,6%,23%,14%,59%,29%,41%,32%,30%,21%,29%,34%,51%,33%,22%,55%,75%,0%,11%,10%,29%,54%,96%,86%,49%,9%,1%,7%,79%,48%,0%,63%,5%,43%,21%,42%,44%,88%,21%,62%,71%,86%,89%,35%,0%,34%,54%,22%,12%,11%,71%,18%,39%,20%,39%,46%,.,37%,2%,76%,37%,19%,80%,41%,24%,16%,52%,35%,70%,67%,54%,2%,39%,15%,13%,39%,26%,1%,23%,20%,31%,43%,25%,1%,88%,81%,0%,59%,37%,0%,97%,96%,71%,23%
SSNAP levels: Combined Total Key Indicator levels:,,,,,,,,,,,,,,,,,,,,,,,,,,,,,,,,,,,,,,,,,,,,,,,,,,,,,,,,,,,,,,,,,,,,,,,,,,,,,,,,,,,,,,,,,,,,,,,,,,,,,,,,,,,,,,,,,,,,,,,,,,,,,,,,,,,,,,,,,,,,,,,,,,,,,,,,,,,,,,,,,,,,,,,,,,,,,,,,,,,,,,,,,,,,,,,,,,,,,,,,,,,,,,,,,,,,,,,,,,,,,,,,
A - 37 teams (17%) A - 48 teams (22%),,,,,,,,,,,,,,,,,,,,,,,,,,,,,,,,,,,,,,,,,,,,,,,,,,,,,,,,,,,,,,,,,,,,,,,,,,,,,,,,,,,,,,,,,,,,,,,,,,,,,,,,,,,,,,,,,,,,,,,,,,,,,,,,,,,,,,,,,,,,,,,,,,,,,,,,,,,,,,,,,,,,,,,,,,,,,,,,,,,,,,,,,,,,,,,,,,,,,,,,,,,,,,,,,,,,,,,,,,,,,,,,
B - 79 teams (37%) B - 87 teams (41%),,,,,,,,,,,,,,,,,,,,,,,,,,,,,,,,,,,,,,,,,,,,,,,,,,,,,,,,,,,,,,,,,,,,,,,,,,,,,,,,,,,,,,,,,,,,,,,,,,,,,,,,,,,,,,,,,,,,,,,,,,,,,,,,,,,,,,,,,,,,,,,,,,,,,,,,,,,,,,,,,,,,,,,,,,,,,,,,,,,,,,,,,,,,,,,,,,,,,,,,,,,,,,,,,,,,,,,,,,,,,,,,
C - 59 teams (28%) C - 51 teams (24%),,,,,,,,,,,,,,,,,,,,,,,,,,,,,,,,,,,,,,,,,,,,,,,,,,,,,,,,,,,,,,,,,,,,,,,,,,,,,,,,,,,,,,,,,,,,,,,,,,,,,,,,,,,,,,,,,,,,,,,,,,,,,,,,,,,,,,,,,,,,,,,,,,,,,,,,,,,,,,,,,,,,,,,,,,,,,,,,,,,,,,,,,,,,,,,,,,,,,,,,,,,,,,,,,,,,,,,,,,,,,,,,
D - 36 teams (17%) D - 28 teams (13%),,,,,,,,,,,,,,,,,,,,,,,,,,,,,,,,,,,,,,,,,,,,,,,,,,,,,,,,,,,,,,,,,,,,,,,,,,,,,,,,,,,,,,,,,,,,,,,,,,,,,,,,,,,,,,,,,,,,,,,,,,,,,,,,,,,,,,,,,,,,,,,,,,,,,,,,,,,,,,,,,,,,,,,,,,,,,,,,,,,,,,,,,,,,,,,,,,,,,,,,,,,,,,,,,,,,,,,,,,,,,,,,
E - 3 teams (1%) E - 3 teams (1%),,,,,,,,,,,,,,,,,,,,,,,,,,,,,,,,,,,,,,,,,,,,,,,,,,,,,,,,,,,,,,,,,,,,,,,,,,,,,,,,,,,,,,,,,,,,,,,,,,,,,,,,,,,,,,,,,,,,,,,,,,,,,,,,,,,,,,,,,,,,,,,,,,,,,,,,,,,,,,,,,,,,,,,,,,,,,,,,,,,,,,,,,,,,,,,,,,,,,,,,,,,,,,,,,,,,,,,,,,,,,,,,
Case ascertainment bands: Audit compliance bands:,,,,,,,,,,,,,,,,,,,,,,,,,,,,,,,,,,,,,,,,,,,,,,,,,,,,,,,,,,,,,,,,,,,,,,,,,,,,,,,,,,,,,,,,,,,,,,,,,,,,,,,,,,,,,,,,,,,,,,,,,,,,,,,,,,,,,,,,,,,,,,,,,,,,,,,,,,,,,,,,,,,,,,,,,,,,,,,,,,,,,,,,,,,,,,,,,,,,,,,,,,,,,,,,,,,,,,,,,,,,,,,,
A - 197 teams (91%) A - 136 teams (63%),,,,,,,,,,,,,,,,,,,,,,,,,,,,,,,,,,,,,,,,,,,,,,,,,,,,,,,,,,,,,,,,,,,,,,,,,,,,,,,,,,,,,,,,,,,,,,,,,,,,,,,,,,,,,,,,,,,,,,,,,,,,,,,,,,,,,,,,,,,,,,,,,,,,,,,,,,,,,,,,,,,,,,,,,,,,,,,,,,,,,,,,,,,,,,,,,,,,,,,,,,,,,,,,,,,,,,,,,,,,,,,,
B - 12 teams (6%) B - 45 teams (21%),,,,,,,,,,,,,,,,,,,,,,,,,,,,,,,,,,,,,,,,,,,,,,,,,,,,,,,,,,,,,,,,,,,,,,,,,,,,,,,,,,,,,,,,,,,,,,,,,,,,,,,,,,,,,,,,,,,,,,,,,,,,,,,,,,,,,,,,,,,,,,,,,,,,,,,,,,,,,,,,,,,,,,,,,,,,,,,,,,,,,,,,,,,,,,,,,,,,,,,,,,,,,,,,,,,,,,,,,,,,,,,,
C - 5 teams (2%) C - 11 teams (5%),,,,,,,,,,,,,,,,,,,,,,,,,,,,,,,,,,,,,,,,,,,,,,,,,,,,,,,,,,,,,,,,,,,,,,,,,,,,,,,,,,,,,,,,,,,,,,,,,,,,,,,,,,,,,,,,,,,,,,,,,,,,,,,,,,,,,,,,,,,,,,,,,,,,,,,,,,,,,,,,,,,,,,,,,,,,,,,,,,,,,,,,,,,,,,,,,,,,,,,,,,,,,,,,,,,,,,,,,,,,,,,,
D - 1 teams (0%) D - 19 teams (9%),,,,,,,,,,,,,,,,,,,,,,,,,,,,,,,,,,,,,,,,,,,,,,,,,,,,,,,,,,,,,,,,,,,,,,,,,,,,,,,,,,,,,,,,,,,,,,,,,,,,,,,,,,,,,,,,,,,,,,,,,,,,,,,,,,,,,,,,,,,,,,,,,,,,,,,,,,,,,,,,,,,,,,,,,,,,,,,,,,,,,,,,,,,,,,,,,,,,,,,,,,,,,,,,,,,,,,,,,,,,,,,,
E - 1 teams (0%) E - 4 teams (2%),,,,,,,,,,,,,,,,,,,,,,,,,,,,,,,,,,,,,,,,,,,,,,,,,,,,,,,,,,,,,,,,,,,,,,,,,,,,,,,,,,,,,,,,,,,,,,,,,,,,,,,,,,,,,,,,,,,,,,,,,,,,,,,,,,,,,,,,,,,,,,,,,,,,,,,,,,,,,,,,,,,,,,,,,,,,,,,,,,,,,,,,,,,,,,,,,,,,,,,,,,,,,,,,,,,,,,,,,,,,,,,,
Patient-centred Total Key Indicator levels: Team-centred Total Key Indicator levels:,,,,,,,,,,,,,,,,,,,,,,,,,,,,,,,,,,,,,,,,,,,,,,,,,,,,,,,,,,,,,,,,,,,,,,,,,,,,,,,,,,,,,,,,,,,,,,,,,,,,,,,,,,,,,,,,,,,,,,,,,,,,,,,,,,,,,,,,,,,,,,,,,,,,,,,,,,,,,,,,,,,,,,,,,,,,,,,,,,,,,,,,,,,,,,,,,,,,,,,,,,,,,,,,,,,,,,,,,,,,,,,,
A - 41 teams (19%) A - 54 teams (25%),,,,,,,,,,,,,,,,,,,,,,,,,,,,,,,,,,,,,,,,,,,,,,,,,,,,,,,,,,,,,,,,,,,,,,,,,,,,,,,,,,,,,,,,,,,,,,,,,,,,,,,,,,,,,,,,,,,,,,,,,,,,,,,,,,,,,,,,,,,,,,,,,,,,,,,,,,,,,,,,,,,,,,,,,,,,,,,,,,,,,,,,,,,,,,,,,,,,,,,,,,,,,,,,,,,,,,,,,,,,,,,,
B - 101 teams (47%) B - 85 teams (40%),,,,,,,,,,,,,,,,,,,,,,,,,,,,,,,,,,,,,,,,,,,,,,,,,,,,,,,,,,,,,,,,,,,,,,,,,,,,,,,,,,,,,,,,,,,,,,,,,,,,,,,,,,,,,,,,,,,,,,,,,,,,,,,,,,,,,,,,,,,,,,,,,,,,,,,,,,,,,,,,,,,,,,,,,,,,,,,,,,,,,,,,,,,,,,,,,,,,,,,,,,,,,,,,,,,,,,,,,,,,,,,,
C - 49 teams (23%) C - 44 teams (21%),,,,,,,,,,,,,,,,,,,,,,,,,,,,,,,,,,,,,,,,,,,,,,,,,,,,,,,,,,,,,,,,,,,,,,,,,,,,,,,,,,,,,,,,,,,,,,,,,,,,,,,,,,,,,,,,,,,,,,,,,,,,,,,,,,,,,,,,,,,,,,,,,,,,,,,,,,,,,,,,,,,,,,,,,,,,,,,,,,,,,,,,,,,,,,,,,,,,,,,,,,,,,,,,,,,,,,,,,,,,,,,,
D - 22 teams (10%) D - 27 teams (13%),,,,,,,,,,,,,,,,,,,,,,,,,,,,,,,,,,,,,,,,,,,,,,,,,,,,,,,,,,,,,,,,,,,,,,,,,,,,,,,,,,,,,,,,,,,,,,,,,,,,,,,,,,,,,,,,,,,,,,,,,,,,,,,,,,,,,,,,,,,,,,,,,,,,,,,,,,,,,,,,,,,,,,,,,,,,,,,,,,,,,,,,,,,,,,,,,,,,,,,,,,,,,,,,,,,,,,,,,,,,,,,,
E - 1 teams (0%) E - 4 teams (2%),,,,,,,,,,,,,,,,,,,,,,,,,,,,,,,,,,,,,,,,,,,,,,,,,,,,,,,,,,,,,,,,,,,,,,,,,,,,,,,,,,,,,,,,,,,,,,,,,,,,,,,,,,,,,,,,,,,,,,,,,,,,,,,,,,,,,,,,,,,,,,,,,,,,,,,,,,,,,,,,,,,,,,,,,,,,,,,,,,,,,,,,,,,,,,,,,,,,,,,,,,,,,,,,,,,,,,,,,,,,,,,,
